"text","label","notes"
"Animal agriculture produces roughly 14.5% of global greenhouse gas emissions according to the FAO. Beef specifically requires around 20x more land per gram of protein than legumes. That scale of resource use is hard to justify when the alternatives are nutritionally comparable.","argument","Clear causal chain; sources named; stands without the author's personal stance"
"The Amazon deforestation data is damning for meat-eaters. Around 80% of cleared Amazon land goes to cattle ranching or growing feed crops. If you care about biodiversity at all, what you eat three times a day is directly connected.","argument","Specific land-use stat; logical link from diet to outcome; evidence-led"
"B12 is genuinely the one nutrient you need to plan for on a vegan diet. It's made by bacteria, not by animals themselves — animals just concentrate it because they eat those bacteria or live near them. Supplementing or eating fortified foods is exactly as effective at the source.","argument","Mechanistic explanation grounded in biology; no rhetorical padding"
"Saturated fat and cardiovascular disease risk are causally linked across dozens of large cohort studies and multiple RCTs. Plant-based diets reduce LDL on average by around 10-15% compared to omnivorous diets in controlled trials. That's a meaningful clinical difference.","argument","Quantified effect size; research design mentioned; reproducible claim"
"Farmed animals are raised in conditions that would be criminal if applied to dogs. Battery cage hens get less space than a sheet of paper. The legal threshold for cruelty in agriculture is far below what we'd accept for any companion animal, and that inconsistency is a policy choice.","argument","Specific measurable detail; exposes legal asymmetry; logical structure"
"Methane from livestock is about 80x more potent as a greenhouse gas than CO2 over a 20-year window. Even if you only cut beef and dairy, you'd eliminate a large fraction of your personal methane-linked footprint. The 20-year timeframe matters because that's when tipping points are closest.","argument","Distinguishes CO2 from methane; 20-year horizon framing is scientifically grounded"
"The protein argument against veganism doesn't hold up to scrutiny. All essential amino acids are present in a varied plant diet. Soy, quinoa, and buckwheat are complete proteins alone; combining legumes and grains covers the rest. No dietitian textbook recommends against veganism on protein grounds anymore.","argument","Addresses specific counter-claim; cites professional consensus; concrete food examples"
"Antibiotic resistance is partly driven by agricultural overuse. About 70% of medically important antibiotics sold in the US go to livestock, not humans. Reducing that reservoir of antibiotic exposure in the food system is one of the few levers non-specialists actually control.","argument","Quantified stat; identifies mechanism; connects individual choice to systemic risk"
"Plant-based diets have a substantially lower water footprint. A kilogram of beef requires roughly 15,000 liters of water to produce; a kilogram of lentils needs about 900. For regions already experiencing drought stress, that difference in resource demand matters at a population scale.","argument","Specific comparative figures; connected to real-world resource pressure"
"The nitrogen pollution from livestock waste is a documented cause of algal blooms and dead zones in waterways. The Gulf of Mexico dead zone — currently several thousand square miles — is fed significantly by Midwestern agricultural runoff. That's a measurable ecological cost that doesn't show up on a food label.","argument","Names specific ecosystem; quantified size; links farm practice to downstream harm"
"Fish experience pain. The neurological evidence — nociceptors, stress hormones, avoidance learning — passes the same criteria we use to infer pain in mammals. If that evidence would be enough for us to care about a dog's suffering, there's no principled reason it fails for a fish.","argument","Criterion-based argument; anticipates and counters the implicit objection"
"Grass-fed beef still requires significantly more land than any plant crop with comparable protein yield. Even the most regenerative ranching models can't reach the density of nutrition per acre that legume agriculture achieves. The land-efficiency gap is real regardless of how the animals are raised.","argument","Addresses common counter-argument directly; maintains focus on measurable metric"
"Dietary patterns in large epidemiological studies consistently associate high red meat consumption with elevated colorectal cancer risk. The WHO classifies processed meat as a Group 1 carcinogen based on that evidence. That classification uses the same standard as tobacco — the strength of evidence, not the magnitude of risk.","argument","Explains what the WHO classification means; prevents misreading; accurate and precise"
"Veganism is the only ethical choice and anyone who disagrees is just rationalizing cruelty to themselves.","hot_take","Moral absolutism with zero supporting reasoning; designed to shut down rather than persuade"
"Meat eaters are the exact same as people who supported slavery. There is no difference.","hot_take","Bold moral equivalence with no argument scaffolding; purely rhetorical"
"If you eat animals you don't actually love animals, period.","hot_take","Confident judgment; no engagement with the complexity of the claim; classic bumper-sticker format"
"Dairy is literally poison and the industry exists to keep you sick so you buy more medicine.","hot_take","Multiple strong claims treated as self-evident; conspiratorial framing with no evidence"
"Hunters are just murderers with a hunting license. Dress it up however you want.","hot_take","Moral equation asserted, not argued; the disclaimer 'dress it up however you want' signals contempt for counter-evidence"
"Anyone still eating meat in 2026 is choosing ignorance. The information has been out there for decades.","hot_take","Confident attribution of bad faith; no engagement with actual arguments or barriers to change"
"Leather is literally wearing a corpse. I don't understand why this is controversial.","hot_take","Rhetorical framing as obvious fact; no argument about why this framing should compel agreement"
"Vegans are healthier, smarter, and more ethical. Science and morality both agree. This isn't really debatable.","hot_take","Three major claims stacked without a single piece of evidence; the 'not debatable' closer is a tell"
"Wool is theft. Silk is torture. If you buy these things you are funding cruelty and I'm not going to pretend otherwise.","hot_take","Strong moral claims treated as self-evident; 'I'm not going to pretend otherwise' substitutes confidence for argument"
"Going vegan is the single most impactful thing any individual can do for the planet. Nothing else comes close.","hot_take","Superlative framing; 'nothing else comes close' is undefended; plausible claim but delivered as settled fact"
"Milk causes cancer. Look it up.","hot_take","Fact-as-jab pattern; vague citation gesture ('look it up') is not reasoning; no causal mechanism offered"
"People who eat meat just don't want to think about where their food comes from. That's called willful ignorance.","hot_take","Psychological claim stated as fact; no acknowledgment of actual barriers or competing frameworks"
"Zoos are prisons and anyone who takes their kids there is teaching them that exploitation is entertainment.","hot_take","Strong moral frame; decorative reasoning at best; no engagement with conservation arguments"
"PETA isn't perfect but the people criticizing them are just looking for an excuse not to change anything.","hot_take","Dismisses counter-view as bad faith without engaging it; rhetorical deflection"
"The meat and dairy industry is the biggest scam ever pulled on humanity and it's all propped up by government subsidies and lies.","hot_take","Conspiracy-adjacent framing; subsidies point is real but used here as rhetorical decoration not argument"
"Eggs are just chicken periods. Why is that appetizing to anyone.","hot_take","Disgust-based framing; not an argument; designed to provoke rather than persuade"
"Leather has no place in a compassionate world. Full stop.","hot_take","Asserted conclusion; 'full stop' signals no interest in engaging counter-arguments"
"Wool production involves pain and suffering every single time. Happy shearing doesn't exist. You're funding abuse.","hot_take","Absolute claim presented as self-evident; no evidence for 'every single time' framing"
"Carnism is a cult and meat eaters are just cult members who haven't woken up yet.","hot_take","Loaded terminology used as substitute for argument; 'woken up' framing is dismissive of genuine disagreement"
"Fish don't have feelings, they said. Tell that to the billions of fish literally gasping for air on the decks of trawlers every year. Open your eyes.","hot_take","Emotionally charged but not argued; presents an image as a refutation without engaging the neurological question"
"If your ethics only apply to animals that are cute, that's not ethics — that's aesthetics.","hot_take","Punchy and actually has a logic kernel — but stated as a jab, with no follow-through argument; borderline with argument"
"The way we treat farm animals would land you in jail if you did it to a dog. That tells you everything.","hot_take","Inconsistency point is real and could be an argument; here it's stated as 'that tells you everything' — conclusion without case; borderline"
"I went vegan overnight three years ago after watching Dominion and I've never looked back. It genuinely changed how I see the world.","experience","Clear personal turning point; no general claims made; reflective rather than argumentative"
"Three months in and I'm still learning. Accidentally ate something with whey in it last week and felt genuinely upset. Does it get easier to read labels?","experience","Practical struggle; no argument; direct request for community help"
"My entire family thinks veganism is a phase. Thanksgiving was awful. How do you deal with people who take your food choices as a personal attack?","experience","Interpersonal struggle; asking for advice; emotional content; no general argument"
"I've been vegan for six years and I still get the protein question at least once a week from coworkers. At this point I just send them a link and move on.","experience","Community bonding over shared frustration; mild advice embedded; primarily personal"
"Went grocery shopping and the vegan options at my local store are pathetic. One sad row of tofu next to a wall of meat. Feeling a bit defeated today.","experience","Venting about access; no argument; emotional register is the whole point"
"My partner isn't vegan and we're making it work but it's genuinely hard sometimes when I cook separate meals every night. Anyone else in a mixed household?","experience","Asking for support and solidarity; the difficulty is relational, not ideological"
"I cried watching a cow and her calf being separated on a video someone posted. I knew it happened but seeing it is different. Just needed to say that.","experience","Emotional processing; specific triggered moment; shares without arguing; no general claim"
"Six months vegan and my bloodwork came back. B12 good, iron good, everything fine. My doctor was surprised and honestly so was I.","experience","Personal health update; no argument about veganism broadly; shares an outcome"
"Had my first vegan birthday cake this year made by a friend who went out of their way to make it work. Small thing but it meant everything.","experience","Heartwarming personal story; no argument; community sharing"
"I slipped up last week and ate something I shouldn't have at a work event. I feel guilty and I'm not sure why I'm posting this but I needed to tell someone.","experience","Confession and emotional processing; asks nothing; primarily about internal experience"
"My kid asked where chicken nuggets come from last night. I told them. We're now a vegan household.","experience","Personal story with a clear turning point; humorous register; no argument beyond the implied"
"Just moved to a new city and finding vegan-friendly restaurants feels impossible. Any advice for navigating a new place as a vegan?","experience","Practical request; geographic challenge; no argument"
"I've been vegan for two years but I still haven't told my family back home. I'm dreading the conversation. Has anyone dealt with cultural pushback from family who see it as rejecting your heritage?","experience","Cultural dimension of the experience; emotional vulnerability; asks for community support"
"My non-vegan roommate actually tried one of my meals this week and said it was good. Tiny win but I'll take it.","experience","Small positive story; shared with community; no argument"
"I watched Cowspiracy for the first time last year and went vegan that week. I know some people think it's oversimplified but for me it was the thing that finally made everything click.","experience","Personal conversion story; acknowledges the documentary's limitations without arguing; primary register is experience"
"Lost about 8 kg since going vegan eight months ago without trying to diet. My energy is different too. Not saying it works for everyone but it's been good for me.","experience","Personal health outcome; hedged claim ('not saying it works for everyone'); stays in personal register"
"I went to a protest for the first time last month. It was uncomfortable and exhilarating at the same time. Still processing what activism means to me.","experience","Personal reflection on political participation; no argument about veganism broadly"
"Does anyone else feel lonely being vegan in a small town? My social life is basically navigating apology meals and awkward explanations.","experience","Asks for solidarity; emotional register; about lived experience not ideology"
"My dad had a heart attack and changed his diet completely. I've been vegan for years but now we actually have something to cook around together. Weird silver lining.","experience","Personal family story; emotional; no general argument about veganism's health benefits"
"I kept a food journal for a month when I first went vegan and honestly it helped more than anything else. Knowing exactly what I was eating made the transition less scary.","experience","Practical tip framed as personal story; shares what worked for them; no general claim"
"Went to a bbq last weekend. There were zero options for me. I smiled, ate my snacks I'd packed, and drove home and cried a little. It's hard sometimes.","experience","Emotional honesty; no argument; specific social difficulty"
"Three years vegan and I still miss cheese more than anything. I know that's embarrassing to admit here but there it is.","experience","Vulnerable admission; community confession; no argument; relatable to ex-omnivores"
"I've been mostly plant-based for about six months but I keep slipping on cheese. Not sure if I call myself vegan yet. Anyone else in that limbo space?","experience","Identity uncertainty; asks for community; no argument; process-oriented"
"Started a vegan potluck in my neighborhood. Six people showed up the first time. Felt like proof that community makes this easier.","experience","Personal organizing story; shares outcome; no general argument"
"My doctor actually recommended I try a plant-based diet for my cholesterol. I wasn't expecting that. Three months in and my numbers are better.","experience","Personal health change on medical advice; outcome-focused; stays personal without generalizing"
"I don't post much but I had to share: I made my grandmother's lamb recipe with jackfruit and it was genuinely as good. I actually teared up.","experience","Emotional food memory story; cultural and personal; no argument"
"Just finished reading How Not to Die. The chapter on heart disease alone is going to be hard to shake. I don't know how to go back to eating the way I used to.","experience","Triggered personal shift; no argument built from the book's content; about internal experience"
"I've been vegan for a year and I still feel like I'm figuring it out. Nutrition, social situations, travel — every area has a new challenge. Is this normal?","experience","Normalizing question; community-seeking; no general claims"
"My coworkers ordered pizza for a team lunch and got one small vegan option for me last-minute. It's the thought that counts but I was hungry for three hours after.","experience","Social frustration; specific and relatable; no argument"
"I used to think I could never give up meat. Now I've been vegan for four years and I barely miss it. Just sharing this for anyone who feels like change is impossible.","experience","Encouragement for others; personal trajectory; stays in experience register without arguing"
"The strongest argument for veganism isn't the environment or health — it's that we've decided some animals deserve protection and others don't, and the line is entirely arbitrary. We drew it based on cultural habit and familiarity, not any morally meaningful difference in capacity to suffer.","argument","Philosophical argument about moral arbitrariness; specific claim about basis for the distinction; logical not emotional"
"The scale argument matters: a single person switching to veganism saves an estimated 100+ animals per year. Even if the number is rough, the order of magnitude shows individual choices aggregate into real outcomes.","argument","Quantified individual impact; acknowledges uncertainty ('rough'); makes a causal chain from choice to outcome"
"Fishing bycatch is enormous and largely invisible in food system discussions. For every pound of shrimp landed, several pounds of non-target species are discarded dead. That unaccounted mortality doesn't show up in seafood labels or sustainability ratings.","argument","Specific ratio; identifies a gap in existing discourse; measurable claim"
"Palm oil is a common gotcha thrown at vegans. But the emissions and land-use footprint of palm oil per calorie is still dramatically lower than beef. It's a real problem worth solving without using it to dismiss the case for cutting animal products.","argument","Addresses common objection; comparative framing; doesn't minimize the problem"
"There is no humane slaughter. The phrase is a contradiction. The animal doesn't want to die; removing suffering during the process doesn't address the core act.","argument","Logical claim about definitional contradiction; precise; the argument stands without emotional decoration"
"Free-range labeling in the US allows as little as two square feet per bird with minimal outdoor access requirements. The label does not mean what most consumers imagine it means. Marketing and reality have almost no overlap here.","argument","Specific regulatory detail; distinguishes consumer perception from legal standard; verifiable"
"Insects might be the most ethically complex frontier in this conversation. Their capacity for pain is genuinely uncertain — the nervous systems are different enough from vertebrates that the criteria we use elsewhere don't translate cleanly. Anyone claiming certainty either way is overreaching.","argument","Acknowledges genuine uncertainty; identifies the epistemic problem; criticizes false confidence on both sides"
"The carbon footprint of a vegan diet is typically estimated at about half that of an omnivorous Western diet. That gap is large enough to matter at scale, and unlike most individual climate actions, it compounds daily.","argument","Quantified comparison; population-scale framing; explains why frequency matters"
"Aquaculture is sometimes positioned as a more ethical choice than wild fishing. But farmed salmon requires several kilograms of wild fish as feed per kilogram of salmon produced. The feed conversion ratio undermines the environmental case.","argument","Specific metric (feed conversion); addresses a common alternative framing; logic is sound"
"The health effects of red meat are dose-dependent and modifiable by preparation method. Processed red meat carries stronger associations with colorectal cancer risk than unprocessed. Treating all meat the same in health discussions loses precision that matters for actual dietary advice.","argument","Distinguishes within the category; dose-dependence noted; aims for precision not absolutism"
"The economic argument for subsidizing meat and dairy is weaker than it sounds. Remove the subsidies and plant proteins are already cost-competitive in most markets. The current price differential is partly a policy artifact, not a natural market outcome.","argument","Identifies subsidy mechanism; makes a counterfactual comparison; stays on economics"
"Antibiotic-resistant bacteria from factory farms can and do enter human communities via food handling, farmworkers, and airborne transmission near operations. The risk isn't theoretical — specific resistant strains have been traced to agricultural sources in outbreak investigations.","argument","Cites real mechanism; names transmission routes; references actual epidemiological work"
"Nutrient density comparisons between plant and animal foods depend heavily on what nutrient you're measuring. Heme iron and non-heme iron have different absorption rates. Omega-3s from flaxseed require conversion to DHA that humans do inefficiently. These differences are manageable but worth understanding rather than dismissing.","argument","Balanced precision; acknowledges real differences; recommends engagement over avoidance"
"A lot of people think going vegan is expensive. In my experience it's not — lentils, rice, oats, and frozen vegetables are genuinely cheap. The expensive part is processed vegan substitutes, which you don't need.","experience","Practical personal framing; no general economic argument; tips from own practice"
"I've been vegan two years and travel is still my biggest struggle. Europe is generally fine but visiting family in rural areas anywhere is an exercise in explaining yourself at every meal.","experience","Specific challenge; personal; no general argument; invites solidarity"
"I went vegetarian first, then vegan six months later. The step approach worked way better for me than trying to change everything at once.","experience","Personal transition advice framed as own experience; no claim about what's right universally"
"The first time I made a really good vegan meal from scratch — full Sunday roast with all the trimmings — I felt like I'd proved something to myself.","experience","Personal achievement; emotional register; no argument"
"I work at a job where everyone orders lunch together and I'm the only vegan. I've given up trying to find options on the group order and I just eat beforehand. It's easier but kind of isolating.","experience","Social reality; coping mechanism; asks nothing; emotional"
"Doctors get almost no nutrition training in medical school. I've had GPs tell me a vegan diet is dangerous based on nothing. Get your bloodwork done and find a doctor who knows the research.","experience","Personal frustration with a systemic gap; practical advice from own experience; the 'doctors get no nutrition training' claim edges toward argument but is framed as personal advice"
"My cat is not vegan. She's a carnivore. We're clear on that. But I'm vegan and that feels like the right split.","experience","Lighthearted boundary; no argument; community-relatable humor"
"I've been asked 'where do you get your protein' approximately 400 times. I have a three-sentence answer memorized. Send help.","experience","Community humor about shared experience; no argument; bonding over repetitive situations"
"I started volunteering at an animal sanctuary last year. Spending time with pigs specifically changed something in me. They're curious and social in ways I didn't expect.","experience","Personal shift through direct contact; emotional; no general argument"
"Growing up my family ate meat every day. Going vegan felt like a betrayal to my parents for the first year. It's gotten easier but the cultural layer of food is something I didn't anticipate.","experience","Cultural and family identity dimension; honest about difficulty; no prescriptive argument"
"I've read the science on veganism pretty carefully. The honest answer is that a well-planned plant-based diet is healthy for most people across all life stages — that's the position of major dietetics bodies. But 'well-planned' is doing real work in that sentence. You do need to think about it.","argument","Quotes professional consensus accurately; flags the qualification that's often dropped; measured and honest"
"Regenerative agriculture is worth taking seriously. It's not a full answer — the land and water requirements for grass-fed beef at scale don't add up — but it addresses soil carbon and biodiversity in ways that straight crop monocultures don't. A nuanced position here beats tribal certainty.","argument","Acknowledges genuine merit in an opposing practice; quantitative caveat; argues against simplification"
"Veganism as a movement has a serious accessibility problem. The loudest voices are often affluent and Western. Food deserts are real. Telling someone in a low-income neighborhood with no grocery store nearby to go vegan is more about your conscience than their reality.","argument","Internal critique; identifies structural gap; makes a logical distinction between advocacy and lived constraint"
"The 'but plants feel pain' argument isn't meaningless, but it doesn't do what its proponents think it does. Plants lack the nervous systems required for subjective experience as we understand it. The argument proves too much — it would also rule out eating fungi, which have no nervous system at all.","argument","Engages the argument on its own terms; explains why the inference fails; uses a reductio without strawmanning"
"Reducing meat consumption by 50% would have nearly as large an environmental impact as going fully vegan for most people. That framing reaches people who will never go fully plant-based. Insisting on purity over impact is a strategic mistake.","argument","Consequentialist argument for pragmatism; comparative quantitative claim; argues against an in-group tendency"
"The argument from indigenous food sovereignty is legitimate and worth hearing. Traditional practices in places like the Arctic or high-altitude communities exist because plant agriculture wasn't viable at scale. Applying a one-size framework globally ignores geography and history.","argument","Engages a real counter-argument honestly; geographic and historical specificity; doesn't use it to dismiss veganism broadly"
"Eating vegan at restaurants is honestly fine now in most cities. Three years ago it was an ordeal. The menu options have genuinely changed.","experience","Positive observation; no argument; describes change in lived experience"
"I made the mistake of telling extended family before I was confident in my own knowledge. I got grilled at dinner and didn't have good answers. Wait until you can handle the questions.","experience","Practical personal advice from a specific mistake; no argument; community wisdom"
"My mental health got better after going vegan. I don't know how much is the diet versus feeling aligned with my values but the correlation is there for me.","experience","Careful personal attribution; explicitly hedged; primary register is personal experience"
"I'm six weeks in and I've cooked more in the last month than in the previous year. Turns out figuring out what to eat makes you actually cook.","experience","Unexpected personal benefit; light register; no general argument"
"I cried at a vegan festival last year because I was surrounded by people who just... got it. I didn't have to explain myself. That feeling is hard to describe.","experience","Emotional community belonging; specific situation; no argument"
"First time going to a steakhouse with work clients as a vegan. Ordered sides and smiled. Not every battle is worth fighting.","experience","Pragmatic social coping; specific scenario; no argument"
"I've been mostly vegan for a year but I've eaten fish twice — once at a family wedding and once because I genuinely didn't have another option traveling. I feel weird about it but I'm not going to let two slips define my whole identity.","experience","Honest nuance about imperfection; identity processing; no prescriptive claim"
"My dog gets more grief from strangers about being vegan than I do. People are weird about animals eating plant-based.","experience","Observational humor from lived experience; no argument"
"I've started buying less food overall. Being vegan made me more conscious about what I was actually eating versus what I was buying out of habit.","experience","Behavioral change observed in self; no general argument; personal reflection"
"I switched to oat milk two years ago mostly because I liked the taste better. The environmental benefit was a bonus. Don't always need a grand reason.","experience","Matter-of-fact personal story; low-stakes; undermines the idea that every vegan choice is ideological"
"I got into an argument with my uncle at Christmas about veganism. I was right and he was wrong but I also ruined Christmas. That's not a trade I'd make again.","experience","Honest self-reflection on tactics; no argument about the underlying issue; relatable failure"
"My vegan chili won a chili cook-off at work against meat-based entries. I didn't mention it was vegan until after the votes. People were shocked. Tiny activism, but satisfying.","experience","Fun personal story; no argument; community joy"
"There's a reasonable case that insect farming has a dramatically lower environmental footprint than vertebrate livestock and that insect sentience is genuinely uncertain enough to make it a defensible choice for people who aren't willing to go fully plant-based. I'm not there yet personally but I don't dismiss it.","argument","Engages a nuanced position seriously; distinguishes personal choice from logical validity; well-structured"
"Lab-grown meat is probably the most scalable answer to factory farming if the energy costs come down. The ideological opposition to it from within the vegan community is harder to understand — if the animal doesn't suffer and the land use drops 95%, what's the objection?","argument","Specific quantitative claim (land use); identifies internal movement tension; poses a precise challenge"
"The correlation between plant-based diets and longevity in Blue Zone populations is interesting but not clean evidence for veganism specifically. These populations are also low-stress, physically active, and socially connected. Attribution is hard when you can't isolate variables.","argument","Correctly identifies confounding variables; prevents overinterpretation of observational data; applies causal reasoning"
"I watched a slaughterhouse documentary last night. I already knew all of this intellectually. Seeing it is different. I don't think I can go back to how I was eating.","experience","Classic experience trigger; the knowledge-vs-seeing distinction is the whole point; no argument"
"I went vegan for health reasons originally and stayed for the ethics. The path doesn't matter as much as where you end up, I think.","experience","Personal trajectory; mild philosophical observation at the end but stays in experience register"
"Five years vegan and the hardest part is still navigating food at other people's homes without making them feel judged. Any scripts that have actually worked for people?","experience","Practical interpersonal challenge; community question; no argument"
"I've tried every vegan cheese on the market. Some are acceptable. None are cheese. I've made my peace with this.","experience","Humor; personal acceptance; relatable; no argument"
"Telling my grandmother I don't eat meat is a conversation I've had approximately 50 times. She listens, nods, and then offers me chicken. Cultural food = love for her generation. I've stopped fighting it.","experience","Cross-cultural family dynamics; no argument; emotional acceptance"
"I started cooking vegan for my whole family — none of whom are vegan — and nobody has complained once. Sometimes you just don't tell people.","experience","Practical quiet advocacy; personal story; no argument"
"I've gained more muscle since going vegan than I did in the two years before. I track everything so I know it's not a fluke. The protein-for-gains narrative is outdated.","experience","Personal n=1 with tracking; doesn't overgeneralize; stays in experience despite the final editorial note"
"Every time a vegan spokesperson gets caught eating meat it becomes international news. No one cares this much about any other dietary category. Weird.","experience","Observational frustration; no argument about veganism's merits; points at cultural double standard"
"I'm a nurse and I've gone plant-based. My colleagues' reactions range from curious to openly hostile. Medicine is more conservative than people think about nutrition.","experience","Professional identity + personal choice; no general argument; observational"
"I grew up on a farm. I know exactly where meat comes from. I went vegan anyway. The two things aren't in contradiction.","experience","Rejects the assumption that knowing = accepting; personal background; no argument"
"Being vegan while broke is completely possible. Rice and beans are cheap. Lentils are cheap. The vegan junk food is expensive, not the staples.","experience","Personal practical tip; no general economic argument; framed as advice from own experience"
"I don't tell people I'm vegan unless they ask. The moment you say it you become a spokesperson for every opinion anyone has ever had about veganism.","experience","Social strategy from personal experience; pragmatic; no argument"
"I've been to three different cities now for work travel. San Francisco was fine. Dallas was a hummus plate. Bucharest was a panic.","experience","Relatable travel difficulty; specific and vivid; no argument"
"My teenager went vegan before I did. She's been patient with me and I've finally caught up. Parenting goes both ways sometimes.","experience","Warm personal story; family dynamic; no argument"
"I thought the hardest part would be the food. The hardest part is being perceived as a difficult guest. Food I've sorted. Other people's feelings about my food choices — still working on it.","experience","Precise personal insight; social dimension; no argument; emotional honesty"
"I've been vegan eight years. The first year I was evangelical. I've mellowed. People change when they're ready, not when you argue at them.","experience","Personal evolution in approach; observational wisdom; no argument about veganism's merits"
"I went vegan for the animals. I stayed because of the community. This sub has been a real part of that.","experience","Community acknowledgment; personal motivation; no argument"
"My husband went vegan last month after 15 years of me being vegan. I didn't push. He got there on his own. The patience was hard but it worked.","experience","Personal relationship story; long-term patience; no argument"
"I think the 'all or nothing' mentality in some vegan spaces does more harm than good. It kept me vegetarian and anxious for two years before I made the full switch. Perfection as the standard is discouraging.","experience","Personal observation about community culture; mild critique; stays in experience register; borderline with argument"
"I find a lot of vegan advocacy focuses on guilt. Guilt has never made me change a behavior long-term. Connection and community have.","experience","Reflection on what worked personally; no prescriptive argument; framed as personal observation"
"I went vegan in college when I had full control over my food. Now I'm back home for the summer and my parents cook. This is hard to navigate without conflict.","experience","Specific life transition; practical difficulty; community question implied"
"I've been vegan for six months and I've had to Google 'is X vegan' roughly a thousand times. The label reading gets faster. The googling never fully stops.","experience","Honest learning curve; relatable humor; no argument"
"Veganism is not a diet, it's a moral stance. Treating it as a dietary preference misses the entire point.","hot_take","Bold definitional claim; no argument for why the moral reading is correct; asserted"
"Zoos should be abolished. Keeping animals in captivity for human entertainment is not conservation, it's exploitation wearing a nice label.","hot_take","Strong conclusion; the conservation counterargument is dismissed in parenthesis without engaging it"
"If you're not vegan you're part of the problem. That's not an opinion, that's math.","hot_take","Math claim is pure rhetoric; no actual math offered; 'not an opinion' is itself an opinion"
"Meat is murder. Always has been. Always will be.","hot_take","Classic slogan; no argument; designed to provoke not persuade"
"Humane farming is the biggest oxymoron in the English language.","hot_take","Snappy declarative; could be the opening of an argument but isn't; stands alone as pure assertion"
"Vegan food is objectively better tasting than people give it credit for. Change my mind.","hot_take","'Objectively better' with no criteria; 'change my mind' positions speaker as already certain; not an argument"
"People who hunt for food are way more ethical than people who buy factory farmed meat from a grocery store and pretend they had nothing to do with it.","hot_take","Comparative moral judgment stated without supporting reasoning; 'pretend they had nothing to do with it' is a psychological claim presented as fact"
"The egg industry is built on gassing or grinding male chicks alive because they serve no commercial purpose. That's the product you're buying when you buy eggs.","hot_take","The facts cited are real but presented as conclusion not argument; no engagement with what follows from this; note: borderline with argument"
"Veganism is the future. Everyone knows it. The only question is how long it takes.","hot_take","Three confident assertions with no support; 'everyone knows it' substitutes consensus-claim for argument"
"If you love dogs but eat pigs you're suffering from a massive moral blind spot and you should examine that.","hot_take","The inconsistency observation is real but 'massive moral blind spot' and 'you should examine that' are conclusions not arguments; note: this phrasing pattern recurs a lot"
"Dairy cows are kept perpetually pregnant and their calves are taken away. If that happened to a human it would be called torture. Why does species make a difference?","hot_take","Facts are accurate but rhetorical question does the work of a conclusion; no answer to 'why does species make a difference' is actually given; borderline — this is the most interesting hard case in hot_take"
"Eating vegan on a budget is easy. Anyone who says otherwise hasn't tried.","hot_take","Confident dismissal of counterargument; no engagement with food access realities; 'hasn't tried' attributes bad faith"
"The best thing I ever did for my health was go vegan. Everything else I've tried pales in comparison.","hot_take","Strong personal claim used to imply a universal; no comparison to alternatives; 'pales in comparison' is undefended"
"You can't claim to love animals and still eat them. Loving something you exploit is not love.","hot_take","Definitional argument asserted as closed; no engagement with alternative frameworks of love or relationship"
"Wool doesn't hurt sheep, you said. Google what happens to worn out breeding ewes and tell me again.","hot_take","Rhetorical challenge without supplying the evidence it gestures at; 'Google it' is not an argument"
"People who say they're 'mostly vegan' are just looking for moral credit without doing the work.","hot_take","Psychological attribution with no argument; dismissive of gradual change"
"The food industry has been lying to us about nutrition for 60 years. Everything you think you know about protein and dairy is marketing.","hot_take","Conspiracy-adjacent sweeping claim; true that industry has influenced nutrition science but 'everything you know is marketing' is unfalsifiable hyperbole"
"If your religion requires you to eat meat, your religion is wrong.","hot_take","Confident moral override; no argument for why the speaker's ethics trump religious practice; maximally inflammatory framing"
"Lab meat will never be real food. There's something deeply wrong with eating something grown in a vat.","hot_take","Naturalistic framing; 'deeply wrong' is asserted not argued; gut-reaction dressed as conclusion"
"Every meat meal you eat has a body count. Just own it.","hot_take","Provocative framing; 'own it' is confrontational rather than argumentative; designed to make the reader uncomfortable not persuade them"
"The fact that we have to argue about whether it's okay to cause suffering is the most depressing thing about modern society.","hot_take","Lament presented as argument; assumes the conclusion in the framing; rhetorical not logical"
"Veganism reduces all-cause mortality risk. Multiple large-scale studies comparing dietary patterns show plant-based dieters consistently have lower rates of heart disease, type 2 diabetes, and certain cancers. The effect sizes are modest but consistent across populations.","argument","Careful quantification ('modest but consistent'); references study design; doesn't oversell"
"The precautionary principle applies to animal sentience. We can't be certain fish or crustaceans don't suffer. Given that uncertainty, and given we have viable alternatives, continuing to cause potential suffering for preference rather than necessity is hard to justify.","argument","Applies a named epistemic principle; acknowledges uncertainty honestly; links uncertainty to a moral conclusion"
"Land that currently grows feed crops for livestock could produce far more human-edible calories per acre if switched to direct food production. The conversion is not 1:1 because of soil types and regional conditions, but the general direction is clear and the magnitude is large.","argument","Acknowledges complexity in the claim; quantitative framing; honest about limits"
"Processed vegan foods can have high sodium, refined oils, and additives just like any processed food. The vegan label doesn't mean healthy. Whole food plant-based eating is a specific and different claim from veganism generally.","argument","Internal critique; distinguishes two different claims precisely; accurate and useful"
"The argument that veganism is only for privileged people ignores that the world's poorest populations already eat predominantly plant-based diets out of necessity. The Western meat-heavy diet is the privileged one. Framing access as an argument against veganism misidentifies who the audience is.","argument","Turns the privilege argument back on itself; factual claim about global diet patterns; makes a precise distinction"
"Reducing food waste would have a larger per-person climate impact than going vegan in some analyses. This doesn't undermine the vegan case — both matter — but it complicates the 'veganism is the single most impactful thing you can do' claim.","argument","Honest about competing evidence; argues for accuracy rather than for a side; nuanced"
"Omega-3 fatty acids from plant sources (ALA) convert to EPA and DHA at roughly 5-10% efficiency in most people. Algae oil provides DHA directly and is where fish get it from anyway. Supplementing with algae oil is the most direct vegan solution.","argument","Explains biochemical mechanism; quantifies the problem; provides a specific solution with reasoning"
"The argument that natural equals good fails for veganism debates. Arsenic is natural. Smallpox is natural. Naturalness is not a moral category. If factory farming is wrong, it's wrong because of suffering and environmental harm, not because it's unnatural.","argument","Dismantles a common implicit premise; uses clear examples; redirects to the correct moral criteria"
"Organic certification does not mean vegan and doesn't mean the animal welfare standards are materially better for most farmed animals. The two categories are frequently conflated in consumer minds but they address different things under different regulatory frameworks.","argument","Distinguishes two overlapping consumer categories; regulatory specificity; corrects a common misunderstanding"
"The moral case for veganism rests on whether animals can suffer, not whether they are intelligent. Intelligence is not the ethically relevant criterion — we don't think unintelligent humans deserve less protection. Suffering is the relevant criterion, and that applies across many species.","argument","Philosophical precision; identifies the actual criterion; uses a parallel case to show consistency"
"Cultured meat could theoretically be produced from a biopsy without killing the animal and without the emissions of livestock farming. The technology is not there yet at cost parity, but the trajectory matters for how we think about long-term food system design.","argument","Acknowledges current limitations; forward-looking framing; links current trajectory to future decisions"
"The food system already uses about 70% of agricultural land for livestock, including grazing and feed crops, while producing only about 20% of global calories. Those numbers don't balance if the goal is feeding 10 billion people efficiently.","argument","Clear ratio that makes the inefficiency concrete; no rhetorical decoration; stands on the numbers"
"Cage-free eggs are a meaningful improvement in hen welfare compared to battery cages — more space, natural behaviors allowed. They are not the same as ethical eggs, and conflating them helps the industry more than the animals.","argument","Distinguishes degrees honestly; acknowledges partial progress; identifies who benefits from the conflation"
"The social cost of carbon — the monetized harm from emitting one ton of CO2 — is estimated by most economists at $50-$200 per ton depending on the discount rate used. Agricultural methane has a comparable social cost and is largely unpriced in food costs. That externality shapes market behavior.","argument","Introduces economic framing; explains the mechanism through which emissions are underpriced; accurate technical detail"
"A well-designed vegan diet meets nutritional needs for pregnant women and infants according to the Academy of Nutrition and Dietetics and the British Dietetic Association. Both organizations emphasize the 'well-designed' qualifier — supplementation with B12, D, iodine, and DHA is generally recommended.","argument","Cites specific professional bodies; doesn't drop the qualification; lists specific supplements accurately"
"I'm going vegan for January as a trial and I'm nervous. I've been omnivore my whole life. Any tips for not giving up in week two?","experience","New entrant asking for practical support; personal uncertainty; no argument"
"My partner surprised me with a fully vegan birthday dinner. He's not vegan. I didn't know he could cook like that. I'm not crying, you're crying.","experience","Heartwarming relationship story; emotional; no argument"
"I've been mostly plant-based for a year but I still wear the leather boots I bought before. Saving up for alternatives. Is it worth feeling guilty about this?","experience","Ethical processing question; practical constraint; no prescriptive argument; community question"
"Food preparation for travel has become its own hobby. I pack more food than luggage at this point.","experience","Relatable humorous framing; lived experience; no argument"
"I was vegan for two years, went back to eating meat for a year, and now I'm vegan again. I've stopped judging my own timeline.","experience","Non-linear journey; self-compassion; no argument or prescriptive claim"
"My best friend is a butcher and my other best friend is vegan. Family dinners are interesting. They actually get along.","experience","Observational humor; no argument; slice of life"
"I went to a restaurant that had 'vegan options' and the vegan option was a side salad. I ordered two desserts and called it a meal.","experience","Relatable frustration with humor; specific; no argument"
"I had a job interview at a steakhouse and spent the whole time figuring out how to navigate the menu. Got the job. The steak question was the hardest part.","experience","Specific social situation; no argument; humor"
"The moment my teenage niece told me she was going vegan I felt so proud. Then I remembered I'd have to help her navigate our family's cooking. Proud and panicked.","experience","Family story; emotional range; no argument"
"I do ultramarathons. I've been vegan for three years. No, I don't worry about protein. Yes, I am going to tell you my finish times.","experience","Playful self-aware humor; personal experience; no argument about veganism's sports applicability"
"I used to eat steak three times a week. I now eat zero steaks a week. I miss it sometimes but not as much as I expected to.","experience","Honest admission; personal adjustment; no argument"
"Being vegan in a food desert is a completely different experience than being vegan in a city with three health food stores on every block. I wish more vegan content acknowledged this.","experience","Critiques community blind spots from personal experience; no general argument; observational"
"I started bringing my own food to work events after getting tired of the bread roll + side salad combination. My coworkers think my lunch is always better than theirs now.","experience","Practical coping strategy; light humor; no argument"
"I gave up leather first, then wool, then silk. I did it in stages because doing it all at once was overwhelming. I don't think the order matters.","experience","Personal transition method; practical; no prescriptive argument"
"Going vegan was the first diet change that didn't feel like restriction to me. Every other time I've changed my eating it felt like taking things away. This felt like opening up.","experience","Personal psychological framing; no argument about veganism broadly; honest and specific"
"I've been asked by my employer to attend client dinners where the menu is set. I've been eating before I arrive and nursing a drink. It's not ideal but it's what I've got.","experience","Workplace practical challenge; no argument; community solidarity"
"I got into veganism through my girlfriend. We've broken up. I'm still vegan. Funny how that works.","experience","Brief personal story; dry humor; no argument"
"My protein comes from beans, tofu, tempeh, seitan, edamame, and lentils. I've stopped explaining this in detail. I just say 'I get enough' and change the subject.","experience","Coping with repetitive questions; no argument; community solidarity through shared experience"
"I started posting my meals on Instagram and got more engagement than anything else I've ever posted. People are more curious about vegan food than they let on.","experience","Personal observation; social media angle; no argument"
"The 'vegan diet is expensive' argument conflates processed vegan products with a whole-food plant-based diet. Staples like dried legumes, whole grains, frozen vegetables, and seasonal produce are among the cheapest calories available anywhere in a supermarket. The cost comparison only favors meat if you compare steak to Beyond Burgers.","argument","Identifies the category error in the comparison; makes specific food examples concrete; logical"
"Cropland used for animal feed could produce dramatically more protein if used for direct human consumption. Soybeans fed to pigs yield roughly 10% of the protein as food compared to eating the soybeans directly. This isn't contested — it's an efficiency ratio built into how digestion works.","argument","Explains trophic level inefficiency mechanistically; not rhetorical; the 10% figure is a defensible estimate"
"Carbon offsets for meat production are frequently based on tree-planting projects with poor permanence rates. Reforestation that burns or is cleared within decades doesn't actually offset the methane that has already cycled through the atmosphere. The accounting is broken and the industry benefits from it being broken.","argument","Identifies a specific flaw in offset methodology; explains the permanence problem; links incentive structure to the accounting error"
"There's a version of the local food argument that makes sense — buying from small farms near you reduces transport emissions and supports regional food systems. But transport accounts for only about 5-6% of food's total emissions. What you eat matters far more than where it came from.","argument","Acknowledges partial merit in opposing view; supplies specific percentage; redirects based on evidence"
"The vegan movement would benefit from being more precise about which animal products cause which harms. Beef and dairy have enormous land and emissions footprints. Mussels and oysters have almost none, and may actively improve local water quality. Treating all animal products identically loses precision that could make the argument stronger.","argument","Internal critique from a pro-environment position; makes specific distinctions; argues for precision over purity"
"Animal sentience research has moved substantially in the last decade. The Cambridge Declaration on Consciousness in 2012 represented a broad scientific consensus that mammals, birds, and many other animals have the neurological substrate for conscious experience. That's not a fringe position anymore.","argument","Cites a specific document; notes the evolution of scientific consensus; doesn't overstate what the declaration says"
"Soy is often blamed for Amazon deforestation by meat-eaters. But around 70-75% of soy globally goes to animal feed, not human consumption. Vegans who eat tofu are not the primary driver of soy demand — livestock operations are.","argument","Corrects a common misattribution; cites the relevant percentage; identifies who the actual demand comes from"
"The greenhouse gas emissions per calorie of beef are approximately 50x those of tofu. Even the most optimistic estimates for grass-fed beef bring this ratio down significantly but not to parity. For climate purposes, the direction is clear even when exact numbers vary.","argument","Gives a ratio with appropriate hedging ('approximately'); acknowledges variation in estimates; doesn't pretend precision where there isn't any"
"Dietary guidelines in most high-income countries were developed partly through industry lobbying. The USDA, for instance, has a dual mandate to both promote and regulate agriculture. That institutional conflict of interest doesn't mean all dietary guidelines are wrong, but it's a reason to read them critically rather than as purely scientific documents.","argument","Names the specific conflict of interest; identifies the dual mandate accurately; argues for critical reading not dismissal"
"If we take seriously the argument that individual consumer choices don't matter because systemic change is needed, that logic applies equally to everything from recycling to voting. Most systemic change begins with aggregated individual behavior shifts. The individual-vs-system framing is false dichotomy, not a reason for inaction.","argument","Identifies a logical inconsistency in a common counter-argument; uses parallel cases; doesn't overclaim"
"The health benefits of plant-based diets are strongest for cardiovascular outcomes and weakest for longevity overall — the confounding from lifestyle, education level, and health consciousness in most epidemiological samples is hard to fully remove. The honest claim is 'associated with lower risk' not 'proven to extend life'.","argument","Makes the statistical honesty explicit; identifies confounders; advocates for accurate phrasing"
"Foie gras production involves force-feeding ducks or geese to enlarge their livers. It's banned in multiple countries and by most major welfare certification bodies. The counterargument that the birds don't suffer is contested by animal behavior scientists who note stress hormone levels and avoidance behaviors. The claim that it's humane isn't settled.","argument","Names the practice specifically; cites regulatory status; acknowledges the scientific dispute rather than dismissing the counterargument"
"Honey production ethics depend heavily on scale and practice. Industrial honey production involves practices like clipping queens' wings and replacing honey with sugar syrup. Small-scale beekeeping looks very different. Treating all honey as equivalent obscures a real distinction that matters for the ethical case.","argument","Makes a scale-dependent distinction; lists specific practices; argues for precision"
"The argument from 'natural' behavior doesn't support meat-eating in the way people think. Humans evolved as opportunistic omnivores in conditions of scarcity. That fact tells us what we can eat, not what we should eat given the options available now. Appealing to evolutionary behavior to justify modern factory farming is incoherent.","argument","Distinguishes 'can' from 'should'; identifies the incoherence in applying evolutionary arguments to industrial-scale farming; logical structure is clear"
"Aquatic dead zones caused by agricultural runoff aren't metaphorical — the Gulf of Mexico dead zone at its recent maximum covered around 8,000 square miles. This is primarily caused by nitrogen and phosphorus from fertilizer and animal waste. The ecological cost is measurable and ongoing.","argument","Names specific size; identifies causes; 'measurable and ongoing' is an evidence claim not a rhetorical flourish"
"I read every label now. It started as a chore and became automatic. Two years in I can scan an ingredient list faster than I can scan a text message.","experience","Small personal skill development; no argument; relatable"
"I made a vegan meal for a meat-eating friend without telling them. They asked for the recipe. I told them. They were fine with it.","experience","Quiet advocacy story; personal; no argument"
"I've been vegan since 2018. The hardest year was 2020 — delivery options were limited, grocery stores were chaotic, and cooking everything from scratch was exhausting. Resilience built, but it was a real test.","experience","Specific historical context; personal resilience; no argument"
"My daughter asked me why grandpa eats meat. I explained it as best I could without making him a villain. Parenting around dietary differences is its own whole skill.","experience","Parenting challenge; no argument; emotional nuance"
"I ran a 10k last month. First time since going vegan. PR by four minutes. Correlation isn't causation but I'll take it.","experience","Honest statistical disclaimer in own story; personal milestone; no prescriptive argument"
"I've cried in a supermarket aisle twice — once from frustration reading labels, once from joy finding an option I thought didn't exist. Both times felt very vegan.","experience","Emotional range; humor; community recognition; no argument"
"I've had the same argument with the same colleague about veganism for three years. We've stopped having it. We like each other more now.","experience","Relationship evolution; humor and warmth; no argument about the underlying issue"
